
{
  "header": {
    "reportVersion": 2,
    "event": "Allocation failed - JavaScript heap out of memory",
    "trigger": "FatalError",
    "filename": "report.20201229.100832.14584.0.001.json",
    "dumpEventTime": "2020-12-29T10:08:32Z",
    "dumpEventTimeStamp": "1609207712206",
    "processId": 14584,
    "threadId": null,
    "cwd": "/Users/smallhai/work/operate",
    "commandLine": [
      "/usr/local/bin/node",
      "/Users/smallhai/work/operate/node_modules/_umi@2.13.16@umi/lib/scripts/realDev.js",
      "dev"
    ],
    "nodejsVersion": "v12.16.2",
    "wordSize": 64,
    "arch": "x64",
    "platform": "darwin",
    "componentVersions": {
      "node": "12.16.2",
      "v8": "7.8.279.23-node.34",
      "uv": "1.34.2",
      "zlib": "1.2.11",
      "brotli": "1.0.7",
      "ares": "1.15.0",
      "modules": "72",
      "nghttp2": "1.40.0",
      "napi": "5",
      "llhttp": "2.0.4",
      "http_parser": "2.9.3",
      "openssl": "1.1.1e",
      "cldr": "36.0",
      "icu": "65.1",
      "tz": "2019c",
      "unicode": "12.1"
    },
    "release": {
      "name": "node",
      "lts": "Erbium",
      "headersUrl": "https://nodejs.org/download/release/v12.16.2/node-v12.16.2-headers.tar.gz",
      "sourceUrl": "https://nodejs.org/download/release/v12.16.2/node-v12.16.2.tar.gz"
    },
    "osName": "Darwin",
    "osRelease": "19.6.0",
    "osVersion": "Darwin Kernel Version 19.6.0: Thu Oct 29 22:56:45 PDT 2020; root:xnu-6153.141.2.2~1/RELEASE_X86_64",
    "osMachine": "x86_64",
    "cpus": [
      {
        "model": "Intel(R) Core(TM) i5-8279U CPU @ 2.40GHz",
        "speed": 2400,
        "user": 7280810,
        "nice": 0,
        "sys": 4075040,
        "idle": 32807010,
        "irq": 0
      },
      {
        "model": "Intel(R) Core(TM) i5-8279U CPU @ 2.40GHz",
        "speed": 2400,
        "user": 980540,
        "nice": 0,
        "sys": 790140,
        "idle": 42389420,
        "irq": 0
      },
      {
        "model": "Intel(R) Core(TM) i5-8279U CPU @ 2.40GHz",
        "speed": 2400,
        "user": 6813330,
        "nice": 0,
        "sys": 3372740,
        "idle": 33974150,
        "irq": 0
      },
      {
        "model": "Intel(R) Core(TM) i5-8279U CPU @ 2.40GHz",
        "speed": 2400,
        "user": 1549290,
        "nice": 0,
        "sys": 702640,
        "idle": 41908160,
        "irq": 0
      },
      {
        "model": "Intel(R) Core(TM) i5-8279U CPU @ 2.40GHz",
        "speed": 2400,
        "user": 6617230,
        "nice": 0,
        "sys": 3011330,
        "idle": 34531650,
        "irq": 0
      },
      {
        "model": "Intel(R) Core(TM) i5-8279U CPU @ 2.40GHz",
        "speed": 2400,
        "user": 1406040,
        "nice": 0,
        "sys": 605840,
        "idle": 42148210,
        "irq": 0
      },
      {
        "model": "Intel(R) Core(TM) i5-8279U CPU @ 2.40GHz",
        "speed": 2400,
        "user": 6159220,
        "nice": 0,
        "sys": 2743330,
        "idle": 35257650,
        "irq": 0
      },
      {
        "model": "Intel(R) Core(TM) i5-8279U CPU @ 2.40GHz",
        "speed": 2400,
        "user": 1040700,
        "nice": 0,
        "sys": 544540,
        "idle": 42574840,
        "irq": 0
      }
    ],
    "networkInterfaces": [
      {
        "name": "lo0",
        "internal": true,
        "mac": "00:00:00:00:00:00",
        "address": "127.0.0.1",
        "netmask": "255.0.0.0",
        "family": "IPv4"
      },
      {
        "name": "lo0",
        "internal": true,
        "mac": "00:00:00:00:00:00",
        "address": "::1",
        "netmask": "ffff:ffff:ffff:ffff:ffff:ffff:ffff:ffff",
        "family": "IPv6",
        "scopeid": 0
      },
      {
        "name": "lo0",
        "internal": true,
        "mac": "00:00:00:00:00:00",
        "address": "fe80::1",
        "netmask": "ffff:ffff:ffff:ffff::",
        "family": "IPv6",
        "scopeid": 1
      },
      {
        "name": "en5",
        "internal": false,
        "mac": "ac:de:48:00:11:22",
        "address": "fe80::aede:48ff:fe00:1122",
        "netmask": "ffff:ffff:ffff:ffff::",
        "family": "IPv6",
        "scopeid": 4
      },
      {
        "name": "en0",
        "internal": false,
        "mac": "f8:ff:c2:66:92:c0",
        "address": "fe80::4de:a77a:1c49:1ecf",
        "netmask": "ffff:ffff:ffff:ffff::",
        "family": "IPv6",
        "scopeid": 6
      },
      {
        "name": "en0",
        "internal": false,
        "mac": "f8:ff:c2:66:92:c0",
        "address": "192.168.3.10",
        "netmask": "255.255.255.0",
        "family": "IPv4"
      },
      {
        "name": "awdl0",
        "internal": false,
        "mac": "36:15:d4:99:1c:1f",
        "address": "fe80::3415:d4ff:fe99:1c1f",
        "netmask": "ffff:ffff:ffff:ffff::",
        "family": "IPv6",
        "scopeid": 8
      },
      {
        "name": "llw0",
        "internal": false,
        "mac": "36:15:d4:99:1c:1f",
        "address": "fe80::3415:d4ff:fe99:1c1f",
        "netmask": "ffff:ffff:ffff:ffff::",
        "family": "IPv6",
        "scopeid": 9
      },
      {
        "name": "utun0",
        "internal": false,
        "mac": "00:00:00:00:00:00",
        "address": "fe80::9114:7356:5283:3b6a",
        "netmask": "ffff:ffff:ffff:ffff::",
        "family": "IPv6",
        "scopeid": 15
      },
      {
        "name": "utun1",
        "internal": false,
        "mac": "00:00:00:00:00:00",
        "address": "fe80::191:a6f8:40ea:594e",
        "netmask": "ffff:ffff:ffff:ffff::",
        "family": "IPv6",
        "scopeid": 16
      }
    ],
    "host": "smallhaideMacBook-Pro.local"
  },
  "javascriptStack": {
    "message": "No stack.",
    "stack": [
      "Unavailable."
    ]
  },
  "nativeStack": [
    {
      "pc": "0x00000001001636d3",
      "symbol": "report::TriggerNodeReport(v8::Isolate*, node::Environment*, char const*, char const*, std::__1::basic_string<char, std::__1::char_traits<char>, std::__1::allocator<char> > const&, v8::Local<v8::String>) [/usr/local/bin/node]"
    },
    {
      "pc": "0x0000000100084d5a",
      "symbol": "node::OnFatalError(char const*, char const*) [/usr/local/bin/node]"
    },
    {
      "pc": "0x0000000100186477",
      "symbol": "v8::Utils::ReportOOMFailure(v8::internal::Isolate*, char const*, bool) [/usr/local/bin/node]"
    },
    {
      "pc": "0x0000000100186417",
      "symbol": "v8::internal::V8::FatalProcessOutOfMemory(v8::internal::Isolate*, char const*, bool) [/usr/local/bin/node]"
    },
    {
      "pc": "0x00000001003141c5",
      "symbol": "v8::internal::Heap::FatalProcessOutOfMemory(char const*) [/usr/local/bin/node]"
    },
    {
      "pc": "0x0000000100315a3a",
      "symbol": "v8::internal::Heap::RecomputeLimits(v8::internal::GarbageCollector) [/usr/local/bin/node]"
    },
    {
      "pc": "0x000000010031246c",
      "symbol": "v8::internal::Heap::PerformGarbageCollection(v8::internal::GarbageCollector, v8::GCCallbackFlags) [/usr/local/bin/node]"
    },
    {
      "pc": "0x000000010031026e",
      "symbol": "v8::internal::Heap::CollectGarbage(v8::internal::AllocationSpace, v8::internal::GarbageCollectionReason, v8::GCCallbackFlags) [/usr/local/bin/node]"
    },
    {
      "pc": "0x000000010031c13a",
      "symbol": "v8::internal::Heap::AllocateRawWithLightRetry(int, v8::internal::AllocationType, v8::internal::AllocationOrigin, v8::internal::AllocationAlignment) [/usr/local/bin/node]"
    },
    {
      "pc": "0x000000010031c1c1",
      "symbol": "v8::internal::Heap::AllocateRawWithRetryOrFail(int, v8::internal::AllocationType, v8::internal::AllocationOrigin, v8::internal::AllocationAlignment) [/usr/local/bin/node]"
    },
    {
      "pc": "0x00000001002e9dfa",
      "symbol": "v8::internal::Factory::NewFillerObject(int, bool, v8::internal::AllocationType, v8::internal::AllocationOrigin) [/usr/local/bin/node]"
    },
    {
      "pc": "0x000000010063f028",
      "symbol": "v8::internal::Runtime_AllocateInYoungGeneration(int, unsigned long*, v8::internal::Isolate*) [/usr/local/bin/node]"
    },
    {
      "pc": "0x000000010097d5b9",
      "symbol": "Builtins_CEntry_Return1_DontSaveFPRegs_ArgvOnStack_NoBuiltinExit [/usr/local/bin/node]"
    },
    {
      "pc": "0x000006e12ee6d0d7",
      "symbol": ""
    }
  ],
  "javascriptHeap": {
    "totalMemory": 2171621376,
    "totalCommittedMemory": 2165964216,
    "usedMemory": 2079294168,
    "availableMemory": 56102816,
    "memoryLimit": 2197815296,
    "heapSpaces": {
      "read_only_space": {
        "memorySize": 262144,
        "committedMemory": 33088,
        "capacity": 32808,
        "used": 32808,
        "available": 0
      },
      "new_space": {
        "memorySize": 33554432,
        "committedMemory": 28315240,
        "capacity": 16759296,
        "used": 4311296,
        "available": 12448000
      },
      "old_space": {
        "memorySize": 1820729344,
        "committedMemory": 1820697752,
        "capacity": 1770422776,
        "used": 1769721176,
        "available": 701600
      },
      "code_space": {
        "memorySize": 4362240,
        "committedMemory": 4206464,
        "capacity": 3847744,
        "used": 3847744,
        "available": 0
      },
      "map_space": {
        "memorySize": 16257024,
        "committedMemory": 16255480,
        "capacity": 5344720,
        "used": 5344720,
        "available": 0
      },
      "large_object_space": {
        "memorySize": 295833600,
        "committedMemory": 295833600,
        "capacity": 295491880,
        "used": 295491880,
        "available": 0
      },
      "code_large_object_space": {
        "memorySize": 622592,
        "committedMemory": 622592,
        "capacity": 544544,
        "used": 544544,
        "available": 0
      },
      "new_large_object_space": {
        "memorySize": 0,
        "committedMemory": 0,
        "capacity": 16759296,
        "used": 0,
        "available": 16759296
      }
    }
  },
  "resourceUsage": {
    "userCpuSeconds": 230.378,
    "kernelCpuSeconds": 55.1705,
    "cpuConsumptionPercent": 11.7028,
    "maxRss": 2481362829312,
    "pageFaults": {
      "IORequired": 343,
      "IONotRequired": 4410734
    },
    "fsActivity": {
      "reads": 0,
      "writes": 0
    }
  },
  "libuv": [
  ],
  "workers": [
  ],
  "environmentVariables": {
    "npm_config_save_dev": "",
    "npm_config_legacy_bundling": "",
    "npm_config_dry_run": "",
    "npm_package_devDependencies_lint_staged": "^10.0.0",
    "npm_package_dependencies_umi": "^2.13.0",
    "npm_package_lint_staged_______js_jsx_ts_tsx_": "npm run lint-staged:js",
    "npm_config_viewer": "man",
    "npm_config_only": "",
    "npm_config_commit_hooks": "true",
    "npm_config_browser": "",
    "npm_package_gitHead": "10be955fca94ffed98c7770d226c0b0917bae569",
    "npm_package_devDependencies_prettier": "^1.19.1",
    "npm_package_dependencies_redux": "^4.0.1",
    "npm_package_scripts_i18n_remove": "pro i18n-remove --locale=zh-CN --write",
    "npm_config_also": "",
    "npm_config_sign_git_commit": "",
    "npm_config_rollback": "true",
    "npm_package_devDependencies_mockjs": "^1.0.1-beta3",
    "npm_package_scripts_prettier": "prettier -c --write \"**/*\"",
    "TERM_PROGRAM": "Apple_Terminal",
    "NODE": "/usr/local/bin/node",
    "npm_config_usage": "",
    "npm_config_audit": "true",
    "npm_package_devDependencies_cross_port_killer": "^1.1.1",
    "INIT_CWD": "/Users/smallhai/work/operate",
    "npm_package_devDependencies__umijs_fabric": "^2.0.2",
    "npm_package_dependencies_moment": "^2.24.0",
    "npm_package_dependencies_axios": "^0.19.2",
    "npm_config_globalignorefile": "/usr/local/etc/npmignore",
    "SHELL": "/bin/zsh",
    "TERM": "xterm-256color",
    "npm_config_shell": "/bin/zsh",
    "npm_config_maxsockets": "50",
    "npm_config_init_author_url": "",
    "npm_package_devDependencies_umi_plugin_pro": "^1.0.2",
    "HOMEBREW_BOTTLE_DOMAIN": "https://mirrors.ustc.edu.cn/homebrew-bottles",
    "npm_config_shrinkwrap": "true",
    "npm_config_parseable": "",
    "npm_config_metrics_registry": "https://registry.npmjs.org/",
    "npm_package_checkFiles_1": "src/**/*.ts*",
    "npm_package_devDependencies_pro_download": "1.0.1",
    "npm_package_scripts_tsc": "tsc",
    "TMPDIR": "/var/folders/v7/mtk04zzn1j92wxyn6yl8zrn80000gn/T/",
    "npm_config_timing": "",
    "npm_config_init_license": "ISC",
    "npm_package_checkFiles_0": "src/**/*.js*",
    "npm_package_dependencies_copy_to_clipboard": "^3.3.1",
    "npm_package_scripts_lint": "npm run lint:js && npm run lint:style && npm run lint:prettier",
    "npm_config_if_present": "",
    "npm_package_checkFiles_3": "config/**/*.js*",
    "npm_package_devDependencies_umi_plugin_antd_icon_config": "^1.0.2",
    "npm_package_dependencies_umi_plugin_antd_theme": "^1.0.1",
    "TERM_PROGRAM_VERSION": "433",
    "npm_package_checkFiles_2": "src/**/*.less",
    "npm_package_scripts_dev": "npm run start:dev",
    "npm_config_sign_git_tag": "",
    "npm_config_init_author_email": "",
    "npm_config_cache_max": "Infinity",
    "npm_config_preid": "",
    "npm_config_long": "",
    "npm_config_local_address": "",
    "npm_config_git_tag_version": "true",
    "npm_config_cert": "",
    "npm_package_checkFiles_4": "scripts/**/*.js",
    "npm_package_devDependencies__types_classnames": "^2.2.7",
    "npm_package_scripts_start_no_ui": "cross-env UMI_UI=none umi dev",
    "TERM_SESSION_ID": "2ADE3B82-CE37-42BF-84E1-1051457D9AD9",
    "npm_config_registry": "https://registry.npmjs.org/",
    "npm_config_noproxy": "",
    "npm_config_fetch_retries": "2",
    "npm_package_dependencies_umi_request": "^1.0.8",
    "npm_package_dependencies_umi_plugin_react": "^1.9.5",
    "npm_package_scripts_analyze": "cross-env ANALYZE=1 umi build",
    "npm_package_private": "true",
    "npm_package_dependencies_react_dom": "^16.8.6",
    "npm_package_dependencies__ant_design_icons": "^4.2.2",
    "npm_config_versions": "",
    "npm_config_message": "%s",
    "npm_config_key": "",
    "npm_package_readmeFilename": "README.md",
    "npm_package_dependencies_react_copy_to_clipboard": "^5.0.1",
    "npm_package_scripts_start_test": "cross-env REACT_APP_ENV=test MOCK=none umi dev",
    "npm_package_description": "An out-of-box UI solution for enterprise applications",
    "USER": "smallhai",
    "npm_package_devDependencies__types_react": "^16.8.19",
    "npm_package_scripts_start_dev": "cross-env REACT_APP_ENV=dev umi dev",
    "npm_package_scripts_deploy": "npm run site && npm run gh-pages",
    "npm_config_globalconfig": "/usr/local/etc/npmrc",
    "npm_package_dependencies_umi_plugin_pro_block": "^1.3.2",
    "npm_package_dependencies_path_to_regexp": "2.4.0",
    "npm_package_dependencies__ant_design_charts": "^0.9.9",
    "npm_config_prefer_online": "",
    "npm_config_logs_max": "10",
    "npm_config_always_auth": "",
    "npm_package_scripts_start_no_mock": "cross-env MOCK=none umi dev",
    "npm_package_dependencies_react_helmet": "^5.2.1",
    "npm_package_dependencies_lodash": "^4.17.11",
    "SSH_AUTH_SOCK": "/private/tmp/com.apple.launchd.6YUMTmpoL1/Listeners",
    "npm_package_devDependencies__types_jest": "^25.1.0",
    "npm_package_devDependencies__types_express": "^4.17.0",
    "__CF_USER_TEXT_ENCODING": "0x1F5:0x19:0x34",
    "npm_execpath": "/usr/local/lib/node_modules/npm/bin/npm-cli.js",
    "npm_config_global_style": "",
    "npm_config_cache_lock_retries": "10",
    "npm_config_update_notifier": "true",
    "npm_config_cafile": "",
    "npm_package_optionalDependencies_puppeteer": "^2.0.0",
    "npm_package_devDependencies_jest_puppeteer": "^4.2.0",
    "npm_config_heading": "npm",
    "npm_config_audit_level": "low",
    "npm_package_devDependencies__types_react_dom": "^16.8.4",
    "npm_config_searchlimit": "20",
    "npm_config_read_only": "",
    "npm_config_offline": "",
    "npm_config_fetch_retry_mintimeout": "10000",
    "npm_package_dependencies_omit_js": "^1.0.2",
    "npm_package_scripts_lint_staged_js": "eslint --ext .js,.jsx,.ts,.tsx ",
    "npm_config_json": "",
    "npm_config_access": "",
    "npm_config_argv": "{\"remain\":[],\"cooked\":[\"run\",\"start\"],\"original\":[\"run\",\"start\"]}",
    "npm_package_devDependencies__types_qs": "^6.5.3",
    "npm_package_scripts_lint_fix": "eslint --fix --cache --ext .js,.jsx,.ts,.tsx --format=pretty ./src && npm run lint:style",
    "PATH": "/usr/local/lib/node_modules/npm/node_modules/npm-lifecycle/node-gyp-bin:/Users/smallhai/work/operate/node_modules/.bin:/usr/local/sbin:/usr/local/bin:/Users/smallhai/.cargo/bin:/usr/local/bin:/usr/bin:/bin:/usr/sbin:/sbin:/usr/local/go/bin:/usr/local/share/dotnet:~/.dotnet/tools:/Library/Frameworks/Mono.framework/Versions/Current/Commands:/Applications/Xamarin Workbooks.app/Contents/SharedSupport/path-bin",
    "npm_config_allow_same_version": "",
    "npm_package_lint_staged______less": "stylelint --syntax less",
    "npm_config_https_proxy": "",
    "npm_config_engine_strict": "",
    "npm_config_description": "true",
    "_": "/Users/smallhai/work/operate/node_modules/.bin/umi",
    "npm_config_userconfig": "/Users/smallhai/.npmrc",
    "npm_config_init_module": "/Users/smallhai/.npm-init.js",
    "npm_package_dependencies_viser_react": "^2.4.8",
    "npm_config_cidr": "",
    "npm_package_devDependencies_node_fetch": "^2.6.0",
    "npm_package_dependencies_puppeteer": "^2.0.0",
    "PWD": "/Users/smallhai/work/operate",
    "npm_config_user": "",
    "npm_config_node_version": "12.16.2",
    "npm_package_devDependencies__types_lodash": "^4.14.144",
    "npm_lifecycle_event": "start",
    "npm_package_dependencies__antv_data_set": "^0.11.0",
    "npm_config_save": "true",
    "npm_config_ignore_prepublish": "",
    "npm_config_editor": "vi",
    "npm_config_auth_type": "legacy",
    "npm_package_dependencies__antv_g2plot": "^1.1.19",
    "npm_package_scripts_ui": "umi ui",
    "npm_package_name": "ant-design-pro",
    "LANG": "zh_CN.UTF-8",
    "npm_config_tag": "latest",
    "npm_config_script_shell": "",
    "npm_config_progress": "true",
    "npm_config_global": "",
    "npm_config_before": "",
    "npm_package_scripts_start": "umi dev",
    "npm_package_scripts_build": "umi build",
    "npm_config_searchstaleness": "900",
    "npm_config_optional": "true",
    "npm_config_ham_it_up": "",
    "XPC_FLAGS": "0x0",
    "npm_config_save_prod": "",
    "npm_config_force": "",
    "npm_config_bin_links": "true",
    "npm_package_devDependencies_stylelint": "^13.0.0",
    "npm_package_devDependencies_express": "^4.17.1",
    "npm_package_devDependencies_enzyme": "^3.9.0",
    "npm_package_devDependencies__ant_design_pro_cli": "^1.0.18",
    "npm_config_searchopts": "",
    "npm_package_engines_node": ">=10.0.0",
    "npm_package_dependencies_classnames": "^2.2.6",
    "npm_package_dependencies__ant_design_pro_layout": "^4.10.13",
    "npm_config_node_gyp": "/usr/local/lib/node_modules/npm/node_modules/node-gyp/bin/node-gyp.js",
    "npm_config_depth": "Infinity",
    "npm_config_sso_poll_frequency": "500",
    "npm_config_rebuild_bundle": "true",
    "npm_package_scripts_lint_style": "stylelint --fix \"src/**/*.less\" --syntax less",
    "npm_package_version": "1.0.0",
    "XPC_SERVICE_NAME": "0",
    "npm_config_unicode": "true",
    "SHLVL": "2",
    "HOME": "/Users/smallhai",
    "npm_config_fetch_retry_maxtimeout": "60000",
    "npm_package_scripts_test_component": "umi test ./src/components",
    "npm_package_scripts_test": "umi test",
    "npm_package_scripts_gh_pages": "cp CNAME ./dist/ && gh-pages -d dist",
    "npm_config_tag_version_prefix": "v",
    "npm_config_strict_ssl": "true",
    "npm_config_sso_type": "oauth",
    "npm_config_scripts_prepend_node_path": "warn-only",
    "npm_config_save_prefix": "^",
    "npm_config_loglevel": "notice",
    "npm_config_ca": "",
    "npm_package_scripts_fetch_blocks": "pro fetch-blocks && npm run prettier",
    "npm_config_save_exact": "",
    "npm_config_group": "20",
    "npm_config_fetch_retry_factor": "10",
    "npm_config_dev": "",
    "npm_package_devDependencies_husky": "^4.0.7",
    "npm_package_devDependencies_cross_env": "^7.0.0",
    "npm_package_dependencies_braft_editor": "^2.2.9",
    "npm_package_scripts_start_pre": "cross-env REACT_APP_ENV=pre MOCK=none umi dev",
    "npm_config_version": "",
    "npm_config_prefer_offline": "",
    "npm_config_cache_lock_stale": "60000",
    "npm_package_browserslist_2": "not ie <= 10",
    "npm_package_scripts_lint_prettier": "prettier --check \"**/*\" --end-of-line auto",
    "npm_package_scripts_lint_js": "eslint --cache --ext .js,.jsx,.ts,.tsx --format=pretty ./src",
    "npm_config_otp": "",
    "npm_config_cache_min": "10",
    "npm_package_browserslist_1": "last 2 versions",
    "npm_config_searchexclude": "",
    "npm_config_cache": "/Users/smallhai/.npm",
    "npm_package_dependencies_umi_plugin_locale": "^2.11.6",
    "npm_package_dependencies_qrcode_react": "^1.0.0",
    "npm_package_browserslist_0": "> 1%",
    "LOGNAME": "smallhai",
    "npm_lifecycle_script": "umi dev",
    "npm_config_color": "true",
    "npm_package_devDependencies_gh_pages": "^2.0.1",
    "npm_package_dependencies_dva": "^2.6.0-beta.16",
    "npm_config_proxy": "",
    "npm_config_package_lock": "true",
    "npm_config_package_lock_only": "",
    "npm_config_fund": "true",
    "npm_package_dependencies_react": "^16.8.6",
    "npm_config_save_optional": "",
    "npm_package_devDependencies__types_history": "^4.7.2",
    "npm_config_ignore_scripts": "",
    "npm_config_user_agent": "npm/6.14.4 node/v12.16.2 darwin x64",
    "npm_config_cache_lock_wait": "10000",
    "npm_package_devDependencies_umi_types": "^0.5.0",
    "npm_package_devDependencies_chalk": "^3.0.0",
    "npm_package_dependencies_qs": "^6.9.0",
    "npm_config_production": "",
    "npm_package_devDependencies_umi_plugin_ga": "^1.1.3",
    "npm_package_devDependencies__types_react_helmet": "^5.0.13",
    "npm_config_send_metrics": "",
    "npm_config_save_bundle": "",
    "npm_config_umask": "0022",
    "npm_config_node_options": "",
    "npm_config_init_version": "1.0.0",
    "npm_package_dependencies_antd": "^3.23.6",
    "npm_package_lint_staged_______js_jsx_tsx_ts_less_md_json__0": "prettier --write",
    "npm_config_init_author_name": "",
    "npm_config_git": "git",
    "npm_config_scope": "",
    "npm_config_unsafe_perm": "true",
    "npm_config_tmp": "/var/folders/v7/mtk04zzn1j92wxyn6yl8zrn80000gn/T",
    "npm_config_onload_script": "",
    "npm_package_scripts_test_all": "node ./tests/run-tests.js",
    "npm_package_scripts_lint_staged": "lint-staged",
    "npm_node_execpath": "/usr/local/bin/node",
    "npm_config_prefix": "/usr/local",
    "npm_config_link": "",
    "npm_config_format_package_lock": "true",
    "npm_package_devDependencies_jsdom_global": "^3.0.2",
    "UMI_DIR": "/Users/smallhai/work/operate/node_modules/_umi@2.13.16@umi",
    "UMI_VERSION": "2.13.16",
    "UMI_UI_BROWSER": "none",
    "UMI_UI": "true",
    "UMI_UI_PORT": "3000",
    "NODE_ENV": "development",
    "CODE_SPLITTING_LEVEL": "3"
  },
  "userLimits": {
    "core_file_size_blocks": {
      "soft": 0,
      "hard": "unlimited"
    },
    "data_seg_size_kbytes": {
      "soft": "unlimited",
      "hard": "unlimited"
    },
    "file_size_blocks": {
      "soft": "unlimited",
      "hard": "unlimited"
    },
    "max_locked_memory_bytes": {
      "soft": "unlimited",
      "hard": "unlimited"
    },
    "max_memory_size_kbytes": {
      "soft": "unlimited",
      "hard": "unlimited"
    },
    "open_files": {
      "soft": 10240,
      "hard": "unlimited"
    },
    "stack_size_bytes": {
      "soft": 8388608,
      "hard": 67104768
    },
    "cpu_time_seconds": {
      "soft": "unlimited",
      "hard": "unlimited"
    },
    "max_user_processes": {
      "soft": 1392,
      "hard": 2088
    },
    "virtual_memory_kbytes": {
      "soft": "unlimited",
      "hard": "unlimited"
    }
  },
  "sharedObjects": [
    "/usr/local/bin/node",
    "/System/Library/Frameworks/CoreFoundation.framework/Versions/A/CoreFoundation",
    "/usr/lib/libSystem.B.dylib",
    "/usr/lib/libc++.1.dylib",
    "/usr/lib/libobjc.A.dylib",
    "/usr/lib/libfakelink.dylib",
    "/usr/lib/libDiagnosticMessagesClient.dylib",
    "/usr/lib/libicucore.A.dylib",
    "/usr/lib/libz.1.dylib",
    "/usr/lib/libc++abi.dylib",
    "/usr/lib/system/libcache.dylib",
    "/usr/lib/system/libcommonCrypto.dylib",
    "/usr/lib/system/libcompiler_rt.dylib",
    "/usr/lib/system/libcopyfile.dylib",
    "/usr/lib/system/libcorecrypto.dylib",
    "/usr/lib/system/libdispatch.dylib",
    "/usr/lib/system/libdyld.dylib",
    "/usr/lib/system/libkeymgr.dylib",
    "/usr/lib/system/liblaunch.dylib",
    "/usr/lib/system/libmacho.dylib",
    "/usr/lib/system/libquarantine.dylib",
    "/usr/lib/system/libremovefile.dylib",
    "/usr/lib/system/libsystem_asl.dylib",
    "/usr/lib/system/libsystem_blocks.dylib",
    "/usr/lib/system/libsystem_c.dylib",
    "/usr/lib/system/libsystem_configuration.dylib",
    "/usr/lib/system/libsystem_coreservices.dylib",
    "/usr/lib/system/libsystem_darwin.dylib",
    "/usr/lib/system/libsystem_dnssd.dylib",
    "/usr/lib/system/libsystem_featureflags.dylib",
    "/usr/lib/system/libsystem_info.dylib",
    "/usr/lib/system/libsystem_m.dylib",
    "/usr/lib/system/libsystem_malloc.dylib",
    "/usr/lib/system/libsystem_networkextension.dylib",
    "/usr/lib/system/libsystem_notify.dylib",
    "/usr/lib/system/libsystem_sandbox.dylib",
    "/usr/lib/system/libsystem_secinit.dylib",
    "/usr/lib/system/libsystem_kernel.dylib",
    "/usr/lib/system/libsystem_platform.dylib",
    "/usr/lib/system/libsystem_pthread.dylib",
    "/usr/lib/system/libsystem_symptoms.dylib",
    "/usr/lib/system/libsystem_trace.dylib",
    "/usr/lib/system/libunwind.dylib",
    "/usr/lib/system/libxpc.dylib",
    "/System/Library/CoreServices/Encodings/libSimplifiedChineseConverter.dylib",
    "/Users/smallhai/work/operate/node_modules/_fsevents@2.2.1@fsevents/fsevents.node",
    "/System/Library/Frameworks/CoreServices.framework/Versions/A/CoreServices",
    "/System/Library/Frameworks/CFNetwork.framework/Versions/A/CFNetwork",
    "/System/Library/Frameworks/CoreServices.framework/Versions/A/Frameworks/FSEvents.framework/Versions/A/FSEvents",
    "/System/Library/Frameworks/CoreServices.framework/Versions/A/Frameworks/CarbonCore.framework/Versions/A/CarbonCore",
    "/System/Library/Frameworks/CoreServices.framework/Versions/A/Frameworks/Metadata.framework/Versions/A/Metadata",
    "/System/Library/Frameworks/CoreServices.framework/Versions/A/Frameworks/OSServices.framework/Versions/A/OSServices",
    "/System/Library/Frameworks/CoreServices.framework/Versions/A/Frameworks/SearchKit.framework/Versions/A/SearchKit",
    "/System/Library/Frameworks/CoreServices.framework/Versions/A/Frameworks/AE.framework/Versions/A/AE",
    "/System/Library/Frameworks/CoreServices.framework/Versions/A/Frameworks/LaunchServices.framework/Versions/A/LaunchServices",
    "/System/Library/Frameworks/CoreServices.framework/Versions/A/Frameworks/DictionaryServices.framework/Versions/A/DictionaryServices",
    "/System/Library/Frameworks/CoreServices.framework/Versions/A/Frameworks/SharedFileList.framework/Versions/A/SharedFileList",
    "/System/Library/Frameworks/Foundation.framework/Versions/C/Foundation",
    "/System/Library/Frameworks/IOKit.framework/Versions/A/IOKit",
    "/System/Library/Frameworks/SystemConfiguration.framework/Versions/A/SystemConfiguration",
    "/System/Library/Frameworks/Security.framework/Versions/A/Security",
    "/usr/lib/libsqlite3.dylib",
    "/usr/lib/libxml2.2.dylib",
    "/usr/lib/libnetwork.dylib",
    "/usr/lib/libapple_nghttp2.dylib",
    "/usr/lib/libauto.dylib",
    "/usr/lib/libcompression.dylib",
    "/System/Library/Frameworks/DiskArbitration.framework/Versions/A/DiskArbitration",
    "/usr/lib/libarchive.2.dylib",
    "/usr/lib/liblangid.dylib",
    "/usr/lib/libCRFSuite.dylib",
    "/usr/lib/liblzma.5.dylib",
    "/usr/lib/libenergytrace.dylib",
    "/usr/lib/libbsm.0.dylib",
    "/usr/lib/system/libkxld.dylib",
    "/System/Library/PrivateFrameworks/AppleFSCompression.framework/Versions/A/AppleFSCompression",
    "/usr/lib/libcoretls.dylib",
    "/usr/lib/libcoretls_cfhelpers.dylib",
    "/usr/lib/libpam.2.dylib",
    "/usr/lib/libxar.1.dylib",
    "/usr/lib/libbz2.1.0.dylib",
    "/usr/lib/libiconv.2.dylib",
    "/usr/lib/libcharset.1.dylib",
    "/usr/lib/libpcap.A.dylib",
    "/System/Library/Frameworks/NetFS.framework/Versions/A/NetFS",
    "/System/Library/PrivateFrameworks/NetAuth.framework/Versions/A/NetAuth",
    "/System/Library/PrivateFrameworks/login.framework/Versions/A/Frameworks/loginsupport.framework/Versions/A/loginsupport",
    "/System/Library/PrivateFrameworks/TCC.framework/Versions/A/TCC",
    "/System/Library/PrivateFrameworks/CoreNLP.framework/Versions/A/CoreNLP",
    "/System/Library/PrivateFrameworks/MetadataUtilities.framework/Versions/A/MetadataUtilities",
    "/usr/lib/libmecabra.dylib",
    "/System/Library/Frameworks/Accelerate.framework/Versions/A/Accelerate",
    "/usr/lib/libmecab.dylib",
    "/usr/lib/libgermantok.dylib",
    "/usr/lib/libThaiTokenizer.dylib",
    "/usr/lib/libChineseTokenizer.dylib",
    "/System/Library/Frameworks/Accelerate.framework/Versions/A/Frameworks/vImage.framework/Versions/A/vImage",
    "/System/Library/Frameworks/Accelerate.framework/Versions/A/Frameworks/vecLib.framework/Versions/A/vecLib",
    "/System/Library/Frameworks/Accelerate.framework/Versions/A/Frameworks/vecLib.framework/Versions/A/libvMisc.dylib",
    "/System/Library/Frameworks/Accelerate.framework/Versions/A/Frameworks/vecLib.framework/Versions/A/libvDSP.dylib",
    "/System/Library/Frameworks/Accelerate.framework/Versions/A/Frameworks/vecLib.framework/Versions/A/libBLAS.dylib",
    "/System/Library/Frameworks/Accelerate.framework/Versions/A/Frameworks/vecLib.framework/Versions/A/libLAPACK.dylib",
    "/System/Library/Frameworks/Accelerate.framework/Versions/A/Frameworks/vecLib.framework/Versions/A/libLinearAlgebra.dylib",
    "/System/Library/Frameworks/Accelerate.framework/Versions/A/Frameworks/vecLib.framework/Versions/A/libSparseBLAS.dylib",
    "/System/Library/Frameworks/Accelerate.framework/Versions/A/Frameworks/vecLib.framework/Versions/A/libQuadrature.dylib",
    "/System/Library/Frameworks/Accelerate.framework/Versions/A/Frameworks/vecLib.framework/Versions/A/libBNNS.dylib",
    "/System/Library/Frameworks/Accelerate.framework/Versions/A/Frameworks/vecLib.framework/Versions/A/libSparse.dylib",
    "/System/Library/PrivateFrameworks/LanguageModeling.framework/Versions/A/LanguageModeling",
    "/System/Library/PrivateFrameworks/CoreEmoji.framework/Versions/A/CoreEmoji",
    "/System/Library/PrivateFrameworks/LinguisticData.framework/Versions/A/LinguisticData",
    "/System/Library/PrivateFrameworks/Lexicon.framework/Versions/A/Lexicon",
    "/usr/lib/libcmph.dylib",
    "/System/Library/Frameworks/OpenDirectory.framework/Versions/A/Frameworks/CFOpenDirectory.framework/Versions/A/CFOpenDirectory",
    "/System/Library/Frameworks/OpenDirectory.framework/Versions/A/OpenDirectory",
    "/System/Library/PrivateFrameworks/APFS.framework/Versions/A/APFS",
    "/System/Library/Frameworks/SecurityFoundation.framework/Versions/A/SecurityFoundation",
    "/usr/lib/libutil.dylib",
    "/System/Library/PrivateFrameworks/CoreServicesStore.framework/Versions/A/CoreServicesStore",
    "/System/Library/Frameworks/ServiceManagement.framework/Versions/A/ServiceManagement",
    "/System/Library/PrivateFrameworks/BackgroundTaskManagement.framework/Versions/A/BackgroundTaskManagement",
    "/usr/lib/libxslt.1.dylib",
    "/Users/smallhai/work/operate/node_modules/_fsevents@2.1.3@fsevents/fsevents.node",
    "/usr/lib/libusrtcp.dylib"
  ]
}